epoch,train_loss,val_loss,val_acc
1,0.6667546987533569,0.6771968603134155,0.5
